"id","name","email","password"
"1","Farhan","farhan@gmail.com","12345"
"2","Anik","anik@gmail.com","12345"
"3","Anik","anik@gmail.com","12345"
"4","Anik","anik@gmail.com","12345"
"5","Anik","anik@gmail.com","12345"
"6","Anik","anik@gmail.com","12345"
"7","Anik","anik@gmail.com","12345"
"id","name","email","message"
"1","takib","farhan@gmail.com","so sad"
"id","name","price","image","description"
"11","Waving and Shining","150","WhatsApp Image 2023-12-10 at 23.04.33_90ec3728.jpg",
"12","Blushing Twinkle","100","WhatsApp Image 2023-12-10 at 23.04.50_35c8d03d.jpg",
"13","Three Eyes","15","WhatsApp Image 2023-12-10 at 23.05.11_58a02a3b.jpg",
"14","Sweetness","10","WhatsApp Image 2023-12-10 at 23.05.32_3759fc1b.jpg",
"15","Patsy Little","15","WhatsApp Image 2023-12-10 at 23.05.54_3564cdd6.jpg",
"16","Smile With Colors","50","WhatsApp Image 2023-12-10 at 23.06.32_cef15f0a.jpg",
"17","Dive Deep","50","WhatsApp Image 2023-12-10 at 23.07.02_0738602e.jpg",
"id","name","email","password"
"1","Takib","T@gamil.com","112233"
